,dim1,dim2,dim3,dim4,nn,min_dist
129634,5.6397294998168945,12.073092460632324,6.448773384094238,1.5444766283035278,770352,0.8129383325576782
136833,1.8925668001174927,17.259122848510742,8.317279815673828,3.9610679149627686,144832,0.33507823944091797
206222,4.8823676109313965,4.574407577514648,-1.034122347831726,-1.3676838874816895,586460,0.7889293432235718
138837,0.534400463104248,15.400150299072266,0.98204106092453,0.4715106785297394,779370,0.4482523798942566
987983,-1.8395618200302124,10.499065399169922,0.8097278475761414,3.8304567337036133,151526,0.7200486660003662
562345,2.687701463699341,18.22213363647461,7.706027030944824,2.3932042121887207,198653,0.4882905185222626
182032,0.12895260751247406,-0.05921843275427818,0.4488094747066498,4.224849224090576,199958,0.8467848300933838
275645,5.963221549987793,4.957520484924316,4.5570268630981445,3.339703321456909,131621,0.5829631090164185
151021,-1.8689203262329102,12.0199556350708,0.058218441903591156,3.162698745727539,148335,0.5277707576751709
177342,2.5490288734436035,13.41402530670166,0.7790204286575317,-0.16443030536174774,173233,0.3817404806613922
578057,5.506294250488281,11.916478157043457,4.622713565826416,0.2842593491077423,190132,0.4142954647541046
186444,-0.08686433732509613,17.814056396484375,7.470919609069824,5.435197353363037,919966,0.7834702730178833
206525,5.664151668548584,4.733532905578613,4.663370609283447,3.9312806129455566,275645,0.7077329158782959
131621,5.638324737548828,5.390627861022949,4.6162261962890625,3.547553062438965,275645,0.5829631090164185
887373,2.1811845302581787,15.64775276184082,8.484749794006348,4.790245056152344,164939,0.571570098400116
412528,4.109488010406494,12.752915382385254,7.8048577308654785,3.6198768615722656,154835,0.9908933043479919
869472,3.9907686710357666,13.082508087158203,3.0735814571380615,0.24885548651218414,123824,0.675141453742981
573249,-2.0825841426849365,12.330577850341797,0.23830778896808624,3.710979700088501,151021,0.6893348693847656
151930,-1.7352991104125977,10.380959510803223,1.3048733472824097,4.78101921081543,151526,0.5189234614372253
529953,4.3693366050720215,9.50617504119873,8.14583969116211,5.765931606292725,113821,1.0912797451019287
120515,4.827277660369873,12.260730743408203,3.9590513706207275,0.4114014208316803,395958,0.6033334136009216
770352,5.049034595489502,11.63918399810791,6.500990867614746,1.8922481536865234,129634,0.8129383325576782
667056,0.17000222206115723,17.608858108520508,6.644354820251465,4.455499172210693,615441,0.4878632128238678
966975,1.9578139781951904,14.533976554870605,2.1877222061157227,0.5208561420440674,144933,0.9149904251098633
127731,1.0000606775283813,18.406797409057617,7.1604695320129395,3.3104429244995117,107018,0.3827815651893616
123824,4.517706394195557,12.67149543762207,3.135317087173462,0.1753033548593521,869472,0.675141453742981
211316,4.539412021636963,10.77106761932373,8.375329971313477,5.114293098449707,792867,0.7472595572471619
192439,1.0344932079315186,-3.289294481277466,-1.7475416660308838,3.5687527656555176,196952,1.5974922180175781
705341,6.581154823303223,2.4691176414489746,2.8107759952545166,2.2974939346313477,749361,0.6993650197982788
174437,4.980472564697266,2.02732253074646,-1.1570169925689697,-0.811944842338562,123925,0.9125195741653442
169949,3.8365418910980225,14.826460838317871,6.311290264129639,1.522937297821045,180432,1.0121926069259644
137431,0.8554500937461853,17.702367782592773,5.724714279174805,2.4567489624023438,169141,0.6278438568115234
121315,4.6327080726623535,14.04360580444336,4.716987609863281,0.31125131249427795,100610,0.35066619515419006
172635,-0.7292479276657104,15.165555000305176,5.643143653869629,5.563128471374512,679770,0.619182288646698
146129,5.55157995223999,9.518370628356934,2.727550745010376,-0.15840201079845428,767464,0.26589787006378174
571144,6.271766185760498,9.043025970458984,7.395631790161133,3.7796497344970703,654754,0.41097956895828247
102816,0.5203117728233337,15.188040733337402,1.7081975936889648,0.8794661164283752,138837,0.8596044778823853
123925,4.5121307373046875,2.287576675415039,-0.527070164680481,-0.42622122168540955,129432,0.8772863149642944
210415,4.887729644775391,10.437310218811035,1.6446387767791748,-0.3039039671421051,166640,0.5358375906944275
132118,-0.2574407458305359,15.394272804260254,6.798911094665527,5.935403823852539,135528,0.8376227021217346
185442,1.7706639766693115,-0.5455069541931152,1.320871353149414,5.464760780334473,568963,0.6705801486968994
115825,-2.020110845565796,6.0148115158081055,-0.6305402517318726,3.5700628757476807,286347,0.27027761936187744
894067,2.3133585453033447,19.132198333740234,9.08326244354248,3.2734103202819824,140117,0.9529365301132202
206323,-1.386123776435852,15.114876747131348,3.046881914138794,3.8519458770751953,136227,0.21031992137432098
120010,0.990290641784668,16.16303062438965,2.3466427326202393,0.7701159715652466,151223,0.7293969392776489
180937,7.080003261566162,1.831851840019226,4.983701705932617,6.473219394683838,189349,1.254300832748413
421226,4.136664867401123,15.412687301635742,5.491524696350098,0.5696101188659668,188448,0.4713062345981598
204622,6.102839946746826,10.204345703125,6.054442882537842,1.4405605792999268,211215,1.4241995811462402
214524,6.354313373565674,3.378086805343628,2.870391845703125,1.6385008096694946,749361,0.5927555561065674
103212,-1.7534008026123047,15.030471801757812,1.5571401119232178,3.736100673675537,766563,0.7990057468414307
959574,4.591734409332275,10.228564262390137,0.5255221128463745,-0.7803532481193542,186848,0.5189944505691528
118124,2.4553372859954834,19.034975051879883,7.410788536071777,1.711968183517456,878776,0.5868976712226868
208428,5.165045738220215,11.401371955871582,4.134985446929932,0.05386187136173248,578057,0.8202113509178162
126628,2.9561407566070557,11.291424751281738,-1.027573585510254,-0.8251352906227112,748662,0.8597666621208191
872158,6.508902549743652,2.4189717769622803,3.71616530418396,4.324748516082764,115320,0.716935932636261
227533,5.942012786865234,3.1757736206054688,4.771681785583496,5.475712299346924,197651,1.3220022916793823
633847,0.6643232107162476,13.986455917358398,6.847909927368164,5.400330066680908,209834,0.9641054272651672
389357,-0.07061579823493958,14.521949768066406,6.125635623931885,5.574745178222656,135528,0.4537689983844757
227432,4.3101067543029785,15.634888648986816,7.903848648071289,1.890852928161621,103515,0.3181088864803314
209834,1.1748602390289307,14.605137825012207,7.358271598815918,5.240283489227295,634748,0.5386924743652344
151728,-1.5450241565704346,1.2823375463485718,-1.4580533504486084,2.83042573928833,336841,0.5195128917694092
137633,4.931006908416748,8.213106155395508,0.28990739583969116,-0.9102845788002014,139637,0.514630138874054
148941,2.5390465259552,14.626084327697754,8.054048538208008,4.087953567504883,748258,0.6809139251708984
196750,0.5074316263198853,18.761709213256836,6.542336940765381,3.211073875427246,827052,0.3713739216327667
160931,2.624410390853882,8.549601554870605,6.64422607421875,6.724226951599121,820745,1.0063860416412354
896879,-0.4244442880153656,16.523479461669922,5.65471076965332,4.838611602783203,414229,0.5009533166885376
889579,2.510105848312378,0.3439466655254364,1.7751843929290771,5.316157341003418,849971,0.44245976209640503
877168,6.021777153015137,9.304752349853516,2.2408883571624756,-0.38700631260871887,145531,0.37501129508018494
395756,3.2624166011810303,16.283815383911133,4.946101665496826,0.5807981491088867,973770,0.6836432814598083
771354,0.14649470150470734,3.9417991638183594,2.0478150844573975,5.248543739318848,782157,0.4498370289802551
101107,5.099636077880859,8.089543342590332,6.887561798095703,4.8273024559021,499566,0.9823469519615173
173940,4.96766996383667,-0.33866193890571594,-1.411574363708496,-0.12559865415096283,286650,1.725460410118103
150423,1.3679232597351074,19.42662811279297,7.912459373474121,3.0852200984954834,133019,0.83835369348526
111009,-1.993669033050537,9.401142120361328,-0.022820988669991493,3.872443914413452,162026,0.21995453536510468
129937,6.723062992095947,9.006420135498047,6.187164306640625,1.9537144899368286,129129,0.8184681534767151
205220,1.7475159168243408,17.752004623413086,4.804288387298584,0.949778139591217,519950,0.9521754384040833
185846,-1.3642534017562866,14.80907917022705,2.918062210083008,4.030145645141602,136227,0.31180158257484436
124826,5.9374871253967285,11.72377872467041,6.045137405395508,0.993304967880249,129634,0.8230382204055786
597869,4.096128940582275,16.08749008178711,7.748135089874268,1.931876301765442,103515,0.46204808354377747
748662,2.6789324283599854,12.072019577026367,-1.2448512315750122,-0.7488696575164795,126628,0.8597666621208191
149337,5.977850437164307,7.460231781005859,0.6734387874603271,-0.960044264793396,134627,0.7375621199607849
826353,5.74984073638916,5.873049736022949,0.787304162979126,-0.6940536499023438,165941,0.24560028314590454
792766,3.892237663269043,13.073516845703125,1.317654013633728,-0.43359437584877014,213421,0.19053074717521667
146735,1.8075051307678223,16.588701248168945,8.16625690460205,4.170459270477295,136833,0.7234315872192383
462139,2.295865297317505,3.9784817695617676,3.755136728286743,6.08143424987793,993675,1.0189834833145142
133928,1.9896761178970337,16.559289932250977,3.8500587940216064,0.5976563692092896,115219,0.47704604268074036
161832,1.6160640716552734,13.138816833496094,7.518591403961182,5.73289155960083,160830,0.5649625658988953
114924,-1.9656633138656616,11.919841766357422,-0.41875508427619934,2.775273323059082,148335,0.47503963112831116
318637,5.609339714050293,1.7566901445388794,0.6038687825202942,0.29744067788124084,480141,0.6620944142341614
644044,2.827303647994995,17.740602493286133,8.56396484375,2.845242738723755,208226,0.7468338012695312
151526,-1.5676090717315674,10.44546127319336,1.2853593826293945,4.294582843780518,255740,0.3986831605434418
106521,2.2375998497009277,17.498228073120117,6.526488304138184,1.6751922369003296,108222,0.6803547739982605
825654,3.6780216693878174,17.056476593017578,7.305600166320801,1.2569589614868164,994273,0.7775980234146118
200210,6.898958683013916,4.160331726074219,5.85535192489624,5.41229772567749,182840,1.6597124338150024
849971,2.296661138534546,0.6614561080932617,1.870795726776123,5.516801834106445,194847,0.23781898617744446
365343,-0.5425807237625122,16.635303497314453,5.132636070251465,4.059954643249512,557857,0.3423547148704529
196346,2.0611202716827393,-1.183358907699585,0.7702898383140564,5.1185760498046875,171633,0.5169578194618225
517239,-1.8752861022949219,5.218615531921387,-1.0926406383514404,3.2956767082214355,134425,0.4831841289997101
115219,2.170365333557129,16.62593650817871,4.250418663024902,0.7714221477508545,133928,0.47704604268074036
286650,5.672862529754639,0.27024659514427185,-0.1016027107834816,0.501395583152771,211922,0.6664817333221436
102008,2.8789901733398438,15.661530494689941,4.322976112365723,0.63946932554245,973770,0.6296675205230713
104820,6.6265177726745605,6.4459733963012695,7.501238822937012,6.065127372741699,352132,0.9165928959846497
360030,-1.2990424633026123,11.085585594177246,2.6549694538116455,5.166289806365967,177140,0.22878378629684448
146432,-0.44076216220855713,11.55947208404541,4.988350868225098,6.229264736175537,176845,1.1593589782714844
519950,2.3979921340942383,17.44890022277832,5.428773880004883,0.9905746579170227,257542,0.8207095861434937
134627,5.951653957366943,8.116199493408203,0.3399764597415924,-1.0027159452438354,309636,0.6286447048187256
753150,5.342904567718506,12.373404502868652,4.7694807052612305,0.2631390392780304,578057,0.5074096322059631
144832,1.8100718259811401,17.410078048706055,8.553093910217285,4.125616550445557,136833,0.33507823944091797
204016,3.4058945178985596,16.762086868286133,7.805182933807373,2.206921100616455,623844,0.17224739491939545
627549,1.3499815464019775,15.095433235168457,1.8090801239013672,0.6729541420936584,102816,0.8658825159072876
208024,-0.9295042753219604,16.25540542602539,4.798554420471191,4.441540718078613,305830,0.7059803009033203
136732,7.479668617248535,6.002036094665527,5.543325901031494,2.6142501831054688,812746,0.6157746911048889
894774,0.6691970825195312,-1.056771993637085,0.13518543541431427,4.382542133331299,325129,0.7771898508071899
828862,3.9592483043670654,12.82455062866211,1.7589880228042603,-0.16418980062007904,213421,0.5218837857246399
129432,4.820023059844971,2.0726919174194336,0.05541308969259262,0.11171133816242218,141119,0.5878212451934814
103010,5.874706268310547,9.811497688293457,1.460532546043396,-0.678104043006897,113619,0.8305253386497498
144933,2.4910309314727783,14.390008926391602,1.6391366720199585,0.040008559823036194,656657,0.6458427309989929
141422,3.3860204219818115,17.69283676147461,9.096100807189941,2.949798583984375,208226,0.6408098340034485
463040,-0.3736639618873596,18.443758010864258,4.857561111450195,3.03104305267334,424939,1.448137879371643
362034,5.344925880432129,12.092774391174316,8.077211380004883,3.1272404193878174,214221,0.4394282102584839
204218,-2.0322067737579346,8.582111358642578,-0.4145400822162628,3.531702756881714,149741,0.895882785320282
820745,2.1138916015625,9.324688911437988,7.03334903717041,6.726751327514648,381038,0.5776005387306213
118932,4.440140724182129,11.11716365814209,8.013038635253906,4.4234771728515625,933253,0.7054212689399719
173132,-0.5280503630638123,16.98955535888672,4.974031925201416,3.5994017124176025,365343,0.6024697422981262
825553,-0.937203049659729,14.37402629852295,1.270132064819336,2.345836639404297,217429,0.9055906534194946
378756,1.0221455097198486,16.78595542907715,8.50439739227295,5.341471195220947,611938,0.8668472766876221
910241,5.916381359100342,7.707562446594238,3.4451205730438232,0.3676277697086334,406432,0.6519240736961365
562446,6.833975315093994,6.132506370544434,4.691558837890625,1.8724627494812012,583858,0.3690238296985626
107422,1.5109210014343262,-2.1256494522094727,-0.16382543742656708,4.296446800231934,196952,0.8276398181915283
152831,5.367722988128662,4.346776008605957,0.7970390915870667,-0.1260881870985031,198047,0.5950726270675659
557857,-0.47929108142852783,16.410810470581055,5.132089614868164,3.8093478679656982,365343,0.3423547148704529
158035,0.8139809966087341,12.922322273254395,6.8800883293151855,6.230656623840332,161832,1.160027265548706
654754,5.999149799346924,9.304821014404297,7.35752010345459,3.936478853225708,571144,0.41097956895828247
192136,6.001885890960693,13.529091835021973,7.853475570678711,1.9324363470077515,209329,1.1198689937591553
578158,3.249870538711548,13.677960395812988,0.823686420917511,-0.540614664554596,173233,0.6192155480384827
113922,2.899062395095825,10.40746784210205,7.548972129821777,5.880558490753174,580751,0.6737971901893616
206828,-1.3612468242645264,8.563870429992676,1.4058353900909424,4.6302313804626465,152427,0.7732394933700562
117021,6.365429401397705,8.519885063171387,2.897177219390869,-0.1893361657857895,270332,0.6617273092269897
164636,0.6358999013900757,20.128786087036133,7.4620537757873535,3.1955788135528564,205725,0.4421145021915436
877269,5.185794830322266,3.3955981731414795,-0.1192719116806984,-0.45166733860969543,175136,0.4429135024547577
761957,6.967208385467529,9.005719184875488,6.78354549407959,2.6733713150024414,157942,0.7919347286224365
397154,0.42641645669937134,16.860023498535156,3.4286794662475586,1.3522140979766846,159946,1.0285409688949585
303624,0.43699419498443604,17.999135971069336,7.208841800689697,4.211373329162598,131722,0.4437255859375
149539,-0.6563234329223633,13.090324401855469,-1.0860493183135986,1.103994369506836,129028,1.5046364068984985
510225,-1.1139839887619019,16.12870979309082,1.746795415878296,2.366581439971924,151425,0.9469578862190247
173637,3.881675958633423,17.678613662719727,6.007536888122559,0.48680463433265686,200513,0.9431309700012207
173435,5.834424018859863,11.268339157104492,8.014750480651855,3.4366512298583984,720337,0.7087033987045288
479762,0.20289810001850128,5.757421970367432,3.292020082473755,5.595103740692139,894673,0.43711116909980774
118528,2.1985254287719727,17.86543846130371,9.675236701965332,5.013479709625244,181232,1.203494906425476
173839,3.1210124492645264,12.479035377502441,-0.3104276955127716,-0.6646994352340698,163331,0.24355627596378326
165941,5.819854259490967,6.102353572845459,0.8307787775993347,-0.7248320579528809,826353,0.24560028314590454
305830,-0.8748254776000977,16.35597801208496,5.284635543823242,4.940568447113037,896879,0.6150209903717041
136126,5.895937442779541,-0.2419140636920929,0.5843097567558289,1.5563799142837524,200008,0.947923481464386
194443,5.567107677459717,13.180323600769043,6.104897499084473,0.6225707530975342,804646,0.5797033905982971
782157,-0.08300432562828064,4.301161766052246,2.1044373512268066,5.116877555847168,771354,0.4498370289802551
159340,6.376675128936768,7.853086471557617,7.136763095855713,4.168987274169922,499566,1.1202813386917114
116221,-0.6943684816360474,16.97740364074707,2.5394513607025146,2.06754994392395,102614,1.0191131830215454
239944,1.6444132328033447,9.579581260681152,6.580550670623779,6.3847222328186035,820745,0.7793524861335754
106016,-1.0931509733200073,3.630967617034912,0.0702119693160057,3.5832877159118652,626648,0.8857417106628418
191336,5.191638946533203,13.485382080078125,3.8436355590820312,-0.20378409326076508,143325,0.9481351375579834
173233,2.782691717147827,13.524210929870605,1.0497441291809082,-0.23989741504192352,177342,0.3817404806613922
683256,6.500271320343018,8.8638916015625,7.148157119750977,3.326554775238037,571144,0.5923195481300354
381038,2.3798375129699707,9.669498443603516,6.84445858001709,6.397628307342529,353740,0.39162641763687134
353740,2.5665395259857178,9.887397766113281,7.110661029815674,6.4106574058532715,381038,0.39162641763687134
214625,-0.13800901174545288,0.06826326251029968,-0.5754912495613098,3.3105483055114746,186040,0.19546478986740112
675661,1.2131389379501343,20.331018447875977,8.867313385009766,3.979585647583008,131217,0.7447704076766968
139637,5.2061872482299805,7.811999320983887,0.4517585337162018,-0.8651458621025085,309636,0.44044095277786255
102614,-0.5495128035545349,17.96351432800293,2.5290496349334717,1.855215311050415,116221,1.0191131830215454
286347,-1.8547762632369995,5.8153076171875,-0.6201617121696472,3.6462531089782715,115825,0.27027761936187744
707749,5.330519199371338,6.272989749908447,1.2353061437606812,-0.5016250610351562,212015,0.6490399241447449
141826,3.8339765071868896,16.037309646606445,4.853548049926758,0.08310665190219879,888678,0.4844551086425781
953764,1.6664776802062988,18.43288230895996,8.370767593383789,3.842228412628174,119126,0.22558476030826569
116423,6.497994899749756,2.330575942993164,2.4689507484436035,1.6785953044891357,901139,0.630776047706604
793465,4.302032947540283,13.002778053283691,2.0427358150482178,-0.4499330222606659,828862,0.5580576658248901
136631,-1.0311580896377563,12.650250434875488,3.985387086868286,5.991212844848633,114217,1.0283758640289307
154835,4.43593168258667,12.399361610412598,8.448212623596191,4.199875354766846,412528,0.9908933043479919
142424,-1.9123562574386597,4.826240539550781,-1.1302218437194824,2.7266345024108887,517239,0.6932198405265808
119833,2.749091625213623,16.19743537902832,8.553757667541504,3.90922212600708,178950,0.9391331672668457
729254,5.809586048126221,12.601447105407715,4.447681427001953,-0.19647382199764252,190132,0.7006630301475525
147636,3.118823289871216,10.187176704406738,7.011892318725586,5.158851146697998,201818,0.8382694721221924
190031,4.269825458526611,12.67770767211914,0.3799465596675873,-0.955813467502594,201515,0.659266471862793
164030,3.0867087841033936,13.591622352600098,7.828680038452148,4.0782012939453125,153227,0.2717260718345642
206727,5.085360527038574,1.9708143472671509,3.902092695236206,5.559547424316406,189349,1.3517792224884033
133019,1.055066704750061,19.205642700195312,8.071702003479004,3.813756227493286,212217,0.7302071452140808
114621,-0.8664155006408691,16.70698356628418,3.833667755126953,3.074338436126709,380036,0.31247076392173767
677766,6.9434285163879395,7.53785514831543,4.6767072677612305,0.7280263900756836,144125,1.0559289455413818
199655,2.7288753986358643,12.884965896606445,7.715117454528809,4.657626152038574,153227,0.9482377767562866
233326,5.414196491241455,9.174098014831543,-0.004816154018044472,-1.1430155038833618,137633,1.1392993927001953
211922,5.041674613952637,0.3524042069911957,0.07975979894399643,0.5798654556274414,286650,0.6664817333221436
128026,-0.677736759185791,13.94408893585205,4.147827625274658,4.394881248474121,433839,1.1408171653747559
634748,1.4737433195114136,14.256335258483887,7.606424331665039,5.373006820678711,209834,0.5386924743652344
148335,-1.7780354022979736,12.19844913482666,-0.09184221178293228,2.6980443000793457,114924,0.47503963112831116
753251,-0.3865978419780731,6.199213027954102,2.385242462158203,5.162177562713623,154229,0.8128370046615601
814649,5.69878625869751,10.02174186706543,2.8850953578948975,-0.2544940412044525,767464,0.4513774514198303
249947,-1.0384447574615479,16.8609561920166,3.310762882232666,3.2240657806396484,380036,0.5366617441177368
176845,0.36454200744628906,11.194231986999512,5.737760066986084,6.205097198486328,146432,1.1593589782714844
812746,7.087284564971924,6.312190532684326,5.294066905975342,2.355624198913574,136732,0.6157746911048889
122317,3.3196542263031006,18.382530212402344,8.42832088470459,2.2085771560668945,198653,0.9487643837928772
656253,5.897265911102295,2.57755708694458,1.7346842288970947,0.9153784513473511,107220,0.7601924538612366
406836,5.279684066772461,7.789245128631592,-1.94608736038208,-2.0047645568847656,361234,1.667034387588501
611938,1.2163276672363281,17.528303146362305,8.521334648132324,4.938543796539307,108525,0.5321109294891357
122822,2.624420166015625,15.727767944335938,2.4855153560638428,0.0162667203694582,966975,1.4875459671020508
499566,5.782451629638672,7.455013275146484,7.121248722076416,5.031092643737793,124422,0.7620691061019897
140117,2.155029773712158,19.367265701293945,8.32906723022461,2.764536142349243,117122,0.7652513980865479
804646,5.468047618865967,13.012212753295898,6.4379167556762695,1.055098295211792,194443,0.5797033905982971
173738,-0.680260419845581,4.31508207321167,0.9720697999000549,4.32430362701416,150625,0.740881621837616
878877,-1.7406857013702393,15.135546684265137,0.5195663571357727,2.721571922302246,766563,0.9592980146408081
165436,1.0949492454528809,0.47920963168144226,0.9580225348472595,4.590416431427002,182032,1.271216630935669
113619,5.429147243499756,10.099671363830566,0.8281007409095764,-0.7688531875610352,186848,0.4900299608707428
212217,0.7244358658790588,19.591604232788086,8.266237258911133,4.300660133361816,133019,0.7302071452140808
135528,-0.09982869029045105,14.68040657043457,6.391141891479492,5.90557861328125,389357,0.4537689983844757
117930,4.9901814460754395,1.2313127517700195,0.007487257942557335,0.36489102244377136,123723,0.6185327172279358
142626,5.255469799041748,10.768597602844238,1.221916913986206,-0.6778149604797363,111211,0.5201284885406494
209329,5.19568395614624,14.153151512145996,8.114901542663574,2.3149948120117188,183741,0.494832307100296
176744,-0.22495555877685547,4.734849452972412,2.158221960067749,4.989924430847168,782157,0.4767022430896759
749058,-1.382972002029419,7.639906406402588,1.1871891021728516,4.498515605926514,206828,0.9588205218315125
561242,4.642249584197998,7.24992561340332,6.723342418670654,5.597635746002197,124422,0.7843055129051208
204420,2.8749585151672363,16.763938903808594,3.8587045669555664,0.21434201300144196,973770,0.8817689418792725
436845,5.655370712280273,9.109339714050293,1.9034287929534912,-0.3984837830066681,500222,0.20301789045333862
152225,1.8178033828735352,18.838876724243164,8.929301261901855,4.124986171722412,119126,0.7467847466468811
121820,-2.224616289138794,14.319720268249512,0.2892875373363495,3.6043150424957275,766563,1.1420077085494995
994273,4.238485813140869,16.55014991760254,7.437623977661133,1.3863483667373657,195445,0.6527541875839233
182840,7.090809345245361,4.818322658538818,5.426455974578857,3.9628374576568604,275645,1.5604593753814697
550439,0.01645250804722309,1.3502849340438843,0.6105884909629822,4.17795991897583,614439,1.1877549886703491
387959,0.4037151336669922,21.47006607055664,5.987015724182129,1.8151018619537354,130114,1.3032699823379517
217126,5.700516223907471,10.40697193145752,0.23278369009494781,-0.9920545220375061,209228,0.30623242259025574
150625,-1.009586215019226,4.831254005432129,0.730467677116394,3.9842374324798584,173738,0.740881621837616
118831,-1.403894305229187,14.544650077819824,2.321082592010498,3.7014737129211426,185846,0.7320546507835388
127933,0.48916035890579224,3.5994393825531006,2.5117413997650146,5.401615619659424,771354,0.6879597306251526
329844,5.569850921630859,12.15992259979248,2.429494619369507,-0.4461887776851654,599671,1.2549962997436523
749361,6.719456672668457,2.9709632396698,2.9516870975494385,1.8522084951400757,214524,0.5927555561065674
207628,4.74906063079834,3.1737794876098633,-0.4505312740802765,-0.484751433134079,175136,0.5639364123344421
766563,-1.742634892463684,14.608184814453125,1.1837124824523926,3.1699559688568115,103212,0.7990057468414307
115017,2.9490392208099365,6.038150787353516,5.735041618347168,6.4656081199646,346137,1.302598237991333
609143,5.297886371612549,14.892512321472168,8.288146018981934,1.974752426147461,209329,0.838378369808197
105620,2.211111307144165,13.23582649230957,8.368351936340332,5.941080570220947,167036,0.9498162865638733
210011,5.394248008728027,13.832449913024902,8.447747230529785,2.6189801692962646,162733,0.17376379668712616
552544,-1.2862567901611328,5.445764541625977,0.4535582959651947,3.7738234996795654,237334,0.6715377569198608
573451,1.4053925275802612,19.71369743347168,9.316427230834961,4.47369909286499,211821,0.569733202457428
553344,6.2315850257873535,10.186546325683594,4.092057228088379,0.04518021643161774,208630,0.9061689376831055
177645,4.211942195892334,14.02750301361084,8.092066764831543,3.1032819747924805,213522,0.8834810256958008
186040,-0.1568727195262909,-0.01102450117468834,-0.5034806132316589,3.4729630947113037,214625,0.19546478986740112
133827,2.118508815765381,16.725330352783203,9.009282112121582,4.909276008605957,178950,0.6103302836418152
124220,5.771389007568359,9.000629425048828,6.76335334777832,3.4609482288360596,715950,0.29572340846061707
174841,-1.7936463356018066,9.895777702331543,1.6103253364562988,4.90045690536499,151930,0.5885338187217712
627852,3.6600685119628906,15.954314231872559,5.635710716247559,0.7521978616714478,421226,0.7580446600914001
512835,5.176809787750244,12.420592308044434,6.018233299255371,1.1246417760849,804646,0.7847322821617126
153429,-1.084594488143921,14.545661926269531,0.3102918565273285,1.7621283531188965,151324,0.8176186084747314
126325,0.8498492240905762,20.779760360717773,7.27116584777832,2.6594834327697754,930449,0.5752413272857666
157336,-1.5803852081298828,15.407599449157715,1.5849905014038086,2.8908772468566895,151425,0.5651740431785583
576255,0.8215534687042236,6.951596260070801,4.859832763671875,6.851563930511475,156334,0.3932165503501892
901139,6.023345947265625,2.2023820877075195,2.075030565261841,1.647289514541626,107220,0.14956338703632355
872562,5.240054607391357,7.903802871704102,1.7022652626037598,-0.25977906584739685,113316,0.22398903965950012
224022,4.613348484039307,9.922815322875977,-1.5774405002593994,-1.508705735206604,146634,0.8036618232727051
445543,4.4352850914001465,14.478693962097168,5.895291328430176,0.774258017539978,180432,0.1647011935710907
197651,5.143086910247803,3.799468517303467,5.211071014404297,6.201900482177734,227533,1.3220022916793823
121921,7.042850017547607,7.184169769287109,6.061642646789551,2.4577205181121826,208125,0.7070855498313904
177140,-1.231874942779541,10.872883796691895,2.651111602783203,5.115559101104736,360030,0.22878378629684448
151324,-0.6669595241546631,15.01153564453125,0.09169407933950424,1.2833194732666016,153429,0.8176186084747314
168745,2.7103161811828613,17.38795280456543,4.65377140045166,0.5010110139846802,366042,0.4933323562145233
366042,2.8317158222198486,16.927040100097656,4.743212699890137,0.5915576219558716,168745,0.4933323562145233
599671,4.692782878875732,12.576628684997559,1.6363470554351807,-0.5013291239738464,793465,0.708577573299408
568963,1.989844560623169,-0.7096736431121826,0.9988357424736023,4.9442033767700195,196346,0.5586564540863037
138231,6.000912189483643,6.80747127532959,3.558269500732422,0.5931359529495239,144125,0.7628414630889893
500222,5.63232421875,9.047365188598633,2.089189052581787,-0.35013702511787415,436845,0.20301789045333862
513130,0.1643112599849701,18.25991439819336,8.293591499328613,5.646787643432617,186444,0.9916844367980957
154431,4.890670299530029,2.831491470336914,0.6434077620506287,0.24716134369373322,686969,0.4618644118309021
113215,-1.340867280960083,12.3440580368042,3.0325255393981934,5.097090244293213,168240,1.033147931098938
150928,-1.1839864253997803,6.36835241317749,1.1540157794952393,4.653988838195801,106319,0.4529465138912201
942658,6.676963806152344,10.329520225524902,7.60279655456543,2.6933352947235107,168139,0.49861010909080505
930449,1.1665472984313965,21.061357498168945,7.582529544830322,2.4263298511505127,126325,0.5752413272857666
694362,4.094779968261719,6.9331865310668945,7.338083267211914,7.278224468231201,561242,1.8979809284210205
873968,-0.10111778974533081,18.75422477722168,6.4203948974609375,3.9516026973724365,901442,0.20599763095378876
116524,6.552225589752197,4.147151947021484,2.7243101596832275,1.2062326669692993,523032,0.3839292824268341
159138,0.8562875986099243,14.559781074523926,0.2582096755504608,0.4188202917575836,779370,0.7349902987480164
168038,-0.2500416338443756,18.910720825195312,6.5046586990356445,4.209019184112549,873968,0.34645771980285645
114217,-0.9532357454299927,12.889670372009277,3.897291421890259,4.998034954071045,136631,1.0283758640289307
178950,2.1328673362731934,16.26264762878418,8.80193042755127,4.569825172424316,133827,0.6103302836418152
100307,1.6061081886291504,12.78908920288086,-0.8135254979133606,-0.143080934882164,212419,0.917762279510498
125222,-0.6849547028541565,3.1938486099243164,0.7239434123039246,4.239795207977295,700634,0.17143765091896057
154229,-0.6910440921783447,6.825258255004883,2.122887372970581,4.834681510925293,753251,0.8128370046615601
145834,2.4872329235076904,1.7808170318603516,3.5972371101379395,6.448400974273682,587664,1.0530287027359009
720337,6.054622650146484,11.81611156463623,8.32015323638916,3.1907901763916016,173435,0.7087033987045288
143325,4.933621883392334,13.86591911315918,3.019036054611206,-0.29104623198509216,145127,0.6485726833343506
199150,3.907984972000122,17.965234756469727,8.116011619567871,1.6768229007720947,122317,0.9489827156066895
298051,5.952632427215576,3.8342466354370117,1.3543497323989868,0.27525338530540466,120414,0.7789232730865479
141119,5.3170576095581055,2.0033154487609863,-0.2023756355047226,-0.053280577063560486,129432,0.5878212451934814
162733,5.308418273925781,13.771842002868652,8.459517478942871,2.756875991821289,210011,0.17376379668712616
189652,5.974166393280029,11.256073951721191,4.1835618019104,0.03544296324253082,208428,0.8237029910087585
952863,-1.8755545616149902,12.552057266235352,1.167781114578247,3.694000720977783,555651,0.813571035861969
339847,5.422000408172607,7.026214599609375,1.738560438156128,-0.11029873788356781,134324,0.39588701725006104
394956,2.1736013889312744,2.8226263523101807,3.615131139755249,6.575493812561035,145834,1.0955382585525513
198047,5.189687252044678,4.595016002655029,1.2284951210021973,0.14711011946201324,152831,0.5950726270675659
779370,0.6922842264175415,15.104248046875,0.7166954874992371,0.33721068501472473,138837,0.4482523798942566
170631,4.325070858001709,13.617487907409668,1.5882136821746826,-0.5454966425895691,584355,0.740449845790863
810843,6.953993320465088,7.9805426597595215,5.669869899749756,1.8415532112121582,129129,0.5487673282623291
664757,-1.4059367179870605,14.058154106140137,3.141892433166504,4.393386363983154,616645,0.6156566143035889
201111,2.561216115951538,11.455451965332031,8.438535690307617,6.8762664794921875,189450,0.9024330973625183
211821,1.5887541770935059,20.017059326171875,9.724421501159668,4.293458461761475,573451,0.569733202457428
130114,0.12576359510421753,20.855112075805664,6.820828437805176,2.5552663803100586,126325,0.8623473048210144
325129,0.9540979862213135,-0.8916125297546387,-0.4230557978153229,3.9536545276641846,123420,0.5529999732971191
767464,5.773564338684082,9.59221363067627,2.8528831005096436,-0.14216552674770355,146129,0.26589787006378174
300618,7.400299549102783,6.452043056488037,6.082095146179199,3.190133571624756,136732,0.9114382266998291
185947,-0.8321483135223389,15.542920112609863,5.0802764892578125,4.916358947753906,679770,0.6866180300712585
127630,1.278531551361084,15.596646308898926,8.020475387573242,5.16310453414917,164939,0.855502188205719
186848,5.044163227081299,10.363421440124512,0.7128384709358215,-0.673631489276886,113619,0.4900299608707428
197449,3.482823610305786,-1.7297637462615967,1.3844707012176514,5.773650646209717,171633,1.452392339706421
827052,0.23193901777267456,18.84190559387207,6.3307647705078125,3.107015371322632,196750,0.3713739216327667
414229,-0.3649553060531616,16.755535125732422,6.090390205383301,4.777383327484131,555348,0.4614698588848114
195445,3.9601495265960693,16.122329711914062,7.032125473022461,1.4203745126724243,994273,0.6527541875839233
818859,0.16345661878585815,18.368932723999023,6.702990531921387,4.009374618530273,873968,0.5492244362831116
168947,4.70940637588501,13.65653133392334,5.097681045532227,0.47763875126838684,121315,0.5729935169219971
211215,6.223405361175537,9.405946731567383,6.588400363922119,2.4851930141448975,157942,0.47999536991119385
185038,-1.9751559495925903,13.233780860900879,-0.5067439675331116,2.5001752376556396,148335,1.1498104333877563
486759,6.677741050720215,7.158413887023926,6.1906538009643555,3.484372854232788,208125,1.0356011390686035
114318,2.9814200401306152,11.744415283203125,7.9629106521606445,5.5992913246154785,189450,0.6727001667022705
213421,3.8432323932647705,12.891453742980957,1.3414772748947144,-0.44722995162010193,792766,0.19053074717521667
645551,-1.7600977420806885,4.21765661239624,-0.4546704590320587,3.8505430221557617,620434,0.8815897703170776
123723,5.317163467407227,1.225359559059143,0.41533026099205017,0.6954876184463501,117930,0.6185327172279358
113316,5.315856456756592,7.723072052001953,1.5957125425338745,-0.2799794375896454,872562,0.22398903965950012
361941,2.6071791648864746,18.13582992553711,7.182708263397217,2.045255661010742,562345,0.6394239068031311
251833,3.878192186355591,15.608113288879395,7.8086161613464355,2.32895565032959,105216,0.5926849246025085
107018,1.2637104988098145,18.56095314025879,7.245870590209961,3.096076011657715,127731,0.3827815651893616
133625,0.9742125272750854,7.753446102142334,4.809244155883789,6.148510456085205,156334,0.7832059264183044
784565,4.854767322540283,3.0977556705474854,-0.933954656124115,-1.0874453783035278,207628,0.7835123538970947
336841,-1.135260820388794,0.9797366857528687,-1.3861546516418457,2.757962465286255,151728,0.5195128917694092
208630,6.1847734451293945,9.328332901000977,4.301975250244141,0.24102438986301422,553344,0.9061689376831055
257542,2.0805323123931885,18.075937271118164,5.756864547729492,1.2588367462158203,108222,0.4695386588573456
129533,1.6234241724014282,7.5263671875,5.420458793640137,6.477940082550049,133625,0.9773166179656982
715950,5.572677135467529,8.856484413146973,6.682429790496826,3.6046128273010254,124220,0.29572340846061707
580650,-2.0343353748321533,10.650409698486328,-0.3325059711933136,3.36089825630188,604537,0.8426430225372314
179245,-1.1851425170898438,15.44987678527832,3.6125009059906006,4.4142842292785645,541943,0.6316711902618408
690152,5.146529674530029,10.7814359664917,-1.4534783363342285,-1.7851289510726929,146634,0.9606281518936157
169141,0.9405895471572876,18.25237464904785,5.822607040405273,2.183164119720459,137431,0.6278438568115234
814548,4.533127307891846,9.917227745056152,7.259503364562988,4.6364874839782715,792867,0.9086534976959229
115320,7.0175909996032715,2.5589141845703125,3.6551856994628906,3.843156576156616,872158,0.716935932636261
198653,2.6534454822540283,18.355083465576172,7.810656547546387,1.9364426136016846,562345,0.4882905185222626
194847,2.213745355606079,0.546816349029541,2.0566561222076416,5.4721198081970215,849971,0.23781898617744446
111211,5.204909801483154,11.170869827270508,0.921024739742279,-0.8027880787849426,142626,0.5201284885406494
106319,-1.2251286506652832,6.329205513000488,0.8785644173622131,4.29893684387207,176441,0.15119394659996033
356948,-0.9830657839775085,5.9335737228393555,1.1595022678375244,4.447988033294678,150928,0.5214096903800964
199251,6.011570453643799,8.12757396697998,1.43426513671875,-0.7291325926780701,385046,0.876593828201294
163836,7.571004390716553,1.708055019378662,2.87872314453125,2.419135093688965,705341,1.2563565969467163
148840,-0.838875949382782,16.584693908691406,4.173795700073242,3.5685274600982666,114621,0.6128808856010437
129028,0.4710572361946106,13.125397682189941,-0.1908220499753952,0.6677815914154053,212419,0.9661035537719727
217429,-0.37205246090888977,14.443624496459961,1.3242239952087402,1.643747329711914,154734,0.8005499243736267
120414,6.324028968811035,3.8405463695526123,2.0245823860168457,0.41501954197883606,371843,0.7065136432647705
117122,2.537966012954712,19.8469181060791,8.468379020690918,2.329225540161133,140117,0.7652513980865479
113821,4.932326793670654,8.613200187683105,7.8862152099609375,5.861454486846924,529953,1.0912797451019287
131722,0.20012006163597107,18.310588836669922,7.298977851867676,4.400200366973877,303624,0.4437255859375
248339,4.5419487953186035,15.360454559326172,5.208522796630859,0.168167844414711,421226,0.638928234577179
580751,2.791208267211914,10.6194429397583,7.952033519744873,6.365303993225098,113922,0.6737971901893616
171431,3.2238776683807373,15.451006889343262,9.03726863861084,4.189441680908203,119833,1.0463666915893555
131217,0.952111005783081,20.73685646057129,8.349690437316895,3.747401714324951,675661,0.7447704076766968
171633,2.204348564147949,-1.6279804706573486,0.9491304755210876,5.249185085296631,196346,0.5169578194618225
140319,-0.49600088596343994,16.76582908630371,6.561954498291016,5.539434909820557,555348,0.8669670820236206
169747,5.142930507659912,11.328306198120117,0.22985990345478058,-1.028024435043335,529549,0.32829368114471436
583858,6.498904705047607,6.245580673217773,4.586604118347168,1.8622162342071533,562446,0.3690238296985626
162026,-1.9238663911819458,9.355076789855957,0.1685553342103958,3.8034462928771973,111009,0.21995453536510468
146836,6.6488237380981445,7.488327503204346,5.37424373626709,1.9434337615966797,810843,0.6581631302833557
221218,0.8474657535552979,20.287439346313477,5.481352806091309,1.4255242347717285,110007,1.2531819343566895
255740,-1.756901741027832,10.76978588104248,1.239192247390747,4.420275688171387,151526,0.3986831605434418
237334,-1.6066906452178955,5.553358554840088,-0.1014503613114357,3.604489326477051,286347,0.6332215070724487
212015,5.249953269958496,5.73547887802124,0.9559730291366577,-0.28295406699180603,707749,0.6490399241447449
540436,3.231300115585327,13.584092140197754,8.9232816696167,5.152541160583496,748258,1.3806840181350708
159845,5.755746364593506,6.349353313446045,2.8030426502227783,0.4441358745098114,138231,0.9287340641021729
214221,5.478312015533447,12.378946304321289,7.869478702545166,2.903057336807251,362034,0.4394282102584839
208327,3.9248974323272705,14.596440315246582,2.2752914428710938,-0.3615310490131378,584355,0.7038694620132446
167238,-1.0489718914031982,10.907678604125977,2.8453238010406494,5.0367326736450195,177140,0.28035011887550354
201515,4.868268966674805,12.485992431640625,0.568882405757904,-1.0194226503372192,190031,0.659266471862793
196144,-0.6034958362579346,2.361621856689453,0.2800804078578949,3.941558837890625,891667,0.6888297200202942
124422,5.290703296661377,7.28204345703125,7.163185119628906,5.585399150848389,499566,0.7620691061019897
181232,1.6087859869003296,17.6379337310791,8.768420219421387,4.537525177001953,144832,0.5553992390632629
149741,-1.803138017654419,8.039649963378906,0.1561766415834427,3.892467975616455,723141,0.449907124042511
263436,6.7264018058776855,10.983232498168945,5.013492584228516,-0.19626937806606293,189652,1.1759151220321655
159239,2.2633910179138184,1.696981430053711,2.68984055519104,5.812726020812988,587664,0.7315742373466492
380036,-0.8572660684585571,17.012048721313477,3.78023624420166,3.1147685050964355,114621,0.31247076392173767
205725,0.30393558740615845,20.016252517700195,7.208587646484375,3.286990165710449,164636,0.4421145021915436
173536,5.847232341766357,10.137651443481445,0.554695188999176,-1.0921189785003662,217126,0.4557401239871979
151223,1.014711618423462,16.28318977355957,1.753296971321106,0.3640049993991852,120010,0.7293969392776489
951457,4.585707187652588,13.328903198242188,9.096004486083984,4.222879409790039,154835,1.143085241317749
146533,5.830164909362793,2.5566821098327637,1.108654260635376,0.4465579688549042,107725,0.3213987648487091
108525,1.2235413789749146,17.64102554321289,8.36099910736084,4.443896293640137,611938,0.5321109294891357
523032,6.7647929191589355,3.933831214904785,2.828909397125244,0.9922932386398315,116524,0.3839292824268341
138534,0.00626355642452836,15.2808837890625,0.9729756712913513,0.9559721946716309,138837,0.7265936136245728
190132,5.871165752410889,11.98907470703125,4.595551490783691,0.10397769510746002,578057,0.4142954647541046
871762,0.4904751181602478,16.256731033325195,7.494963645935059,5.277202129364014,987074,0.30736255645751953
833148,-1.892254114151001,9.781750679016113,-0.09280983358621597,3.3589956760406494,111009,0.6509035229682922
100610,4.953648090362549,14.135306358337402,4.641695976257324,0.23452796041965485,121315,0.35066619515419006
208226,3.320103883743286,17.198657989501953,8.69577693939209,2.907132863998413,141422,0.6408098340034485
922854,5.4030280113220215,2.8358092308044434,0.7920719385147095,0.2744275629520416,366446,0.49175721406936646
882161,3.7327182292938232,-0.003977086395025253,2.80855393409729,6.3954854011535645,203721,0.5893294811248779
165638,-0.3061866760253906,18.011808395385742,6.1264190673828125,4.027805328369141,818859,0.8251526951789856
183741,5.051051616668701,14.146986961364746,8.41277027130127,2.6826586723327637,162733,0.4633193910121918
202820,6.6415324211120605,9.394696235656738,7.701319694519043,3.760709524154663,571144,0.5951494574546814
107725,5.550488471984863,2.5068259239196777,1.0639946460723877,0.5900784730911255,146533,0.3213987648487091
156334,0.9331492185592651,7.063150405883789,4.744260311126709,6.510441780090332,576255,0.3932165503501892
134425,-1.914466142654419,5.570422649383545,-0.7824154496192932,3.1864800453186035,517239,0.4831841289997101
901442,-0.050559815019369125,18.896379470825195,6.533275604248047,3.8683626651763916,873968,0.20599763095378876
650746,5.58960485458374,10.733561515808105,-0.5477790832519531,-1.4001438617706299,209228,0.7607548832893372
201818,3.03581166267395,10.92924976348877,7.373164176940918,5.279743671417236,113922,0.8263435363769531
993675,3.1823830604553223,3.6481494903564453,3.8057169914245605,5.706286430358887,462139,1.0189834833145142
529549,4.933839321136475,11.34304428100586,-0.02196148969233036,-1.0486735105514526,169747,0.32829368114471436
157942,6.2020463943481445,9.1056489944458,6.7140398025512695,2.837294340133667,211215,0.47999536991119385
751550,1.4298176765441895,18.5710506439209,5.705165863037109,1.5137995481491089,257542,0.8580475449562073
145531,5.925655841827393,9.05359935760498,2.4687373638153076,-0.5150733590126038,877168,0.37501129508018494
102513,-0.8218269944190979,9.149870872497559,2.550908088684082,5.168120384216309,856463,0.32475537061691284
604537,-2.015735149383545,10.881755828857422,0.1349317580461502,4.0224738121032715,987983,0.8183577060699463
200917,3.029811143875122,17.608047485351562,6.674173355102539,1.2937233448028564,193845,0.8205116391181946
555348,-0.0015622354112565517,16.789093017578125,6.361536979675293,4.8564605712890625,414229,0.4614698588848114
208125,7.176817417144775,7.634637832641602,6.486978530883789,2.7710742950439453,121921,0.7070855498313904
392447,4.435934066772461,1.5920780897140503,-1.8637423515319824,-1.1704572439193726,174437,1.0554391145706177
167440,1.289306640625,-0.46404317021369934,0.1130506619811058,3.9856255054473877,325129,0.763945460319519
160830,1.5109490156173706,13.675431251525879,7.53756856918335,5.592113971710205,161832,0.5649625658988953
108222,2.2821362018585205,17.964637756347656,6.155852317810059,1.3496310710906982,257542,0.4695386588573456
159946,0.4850073754787445,17.72138786315918,3.9718210697174072,1.484547734260559,137532,0.46391263604164124
136227,-1.3234935998916626,15.039462089538574,2.8618953227996826,3.8318331241607666,206323,0.21031992137432098
614439,-0.49517837166786194,0.55649733543396,-0.06008986383676529,3.9151148796081543,199958,0.7265437841415405
105216,4.241306304931641,15.462237358093262,7.59942102432251,1.9360419511795044,227432,0.35952773690223694
107220,5.960573673248291,2.233959674835205,2.0202064514160156,1.5271811485290527,901139,0.14956338703632355
193845,3.070166826248169,17.295846939086914,7.141782760620117,1.8899472951889038,200917,0.8205116391181946
169545,3.2608284950256348,14.72154426574707,3.6467607021331787,0.37619486451148987,102008,1.2473794221878052
162329,4.128975868225098,5.477197647094727,5.418865203857422,5.695866107940674,346137,0.8936230540275574
586460,4.873978614807129,4.945831775665283,-0.4069227874279022,-1.0660152435302734,206222,0.7889293432235718
424939,-0.06271451711654663,18.931934356689453,6.067872047424316,3.576244831085205,873968,0.5460965037345886
118023,-2.3161017894744873,10.557011604309082,-1.3085758686065674,2.754462480545044,580650,1.186841368675232
748258,2.910407543182373,14.107436180114746,8.0073881149292,4.321537971496582,164030,0.6231334805488586
167036,2.013040542602539,13.542950630187988,7.8259501457214355,5.252317905426025,160830,0.6843042373657227
180432,4.354877471923828,14.612934112548828,5.859725475311279,0.8113491535186768,445543,0.1647011935710907
153227,3.1747219562530518,13.397137641906738,7.6816840171813965,3.9966132640838623,164030,0.2717260718345642
725751,5.586058139801025,6.871024131774902,5.88859224319458,4.197758197784424,486759,1.3691326379776
146634,4.315221309661865,10.614571571350098,-1.3496438264846802,-1.3456889390945435,224022,0.8036618232727051
128632,6.400012493133545,8.376121520996094,5.299825668334961,1.3019068241119385,598568,0.22905796766281128
134324,5.178717613220215,7.331877708435059,1.6840901374816895,-0.07648961246013641,339847,0.39588701725006104
316835,3.7684693336486816,12.589641571044922,1.2412490844726562,-0.3077072203159332,213421,0.35523566603660583
115724,4.765779972076416,14.787924766540527,7.2493743896484375,1.4491398334503174,105216,1.043731927871704
687163,-0.16288307309150696,19.6999568939209,7.717142581939697,4.672501087188721,212217,1.1130346059799194
140925,0.1020805835723877,2.458794116973877,1.521019458770752,5.652344703674316,127933,1.5796509981155396
686969,5.077392101287842,2.422656536102295,0.5539337396621704,0.30462518334388733,366446,0.3951627016067505
530635,-0.644101083278656,16.983491897583008,3.7491848468780518,2.749112844467163,380036,0.42535051703453064
656657,2.713644027709961,13.814656257629395,1.4506144523620605,0.07139195501804352,173233,0.5888328552246094
103111,2.878854513168335,13.020421028137207,9.669866561889648,6.632110118865967,105620,1.632097601890564
973770,3.2422378063201904,16.128068923950195,4.299420356750488,0.4242500364780426,102008,0.6296675205230713
616645,-1.456928014755249,14.19126033782959,3.1547110080718994,4.992177963256836,664757,0.6156566143035889
196952,1.8274855613708496,-2.560421943664551,-0.7918862104415894,4.260570526123047,107422,0.8276398181915283
129129,6.578845500946045,8.36719799041748,5.696899890899658,1.9424329996109009,810843,0.5487673282623291
151425,-1.1037025451660156,15.283651351928711,1.8404839038848877,2.783381462097168,157336,0.5651740431785583
588565,4.781402111053467,11.712389945983887,7.768721580505371,3.252948522567749,362034,0.7571128606796265
510326,5.87155294418335,5.362541675567627,2.45093035697937,0.4048786461353302,159845,1.0548614263534546
153025,4.431086540222168,14.987062454223633,9.2438325881958,3.417285919189453,171431,1.5203588008880615
118225,5.737175464630127,8.074190139770508,2.7352821826934814,-0.04075632989406586,270332,0.5469662547111511
152427,-1.466030240058899,9.319151878356934,1.4695191383361816,4.518813133239746,206828,0.7732394933700562
134728,-1.721121072769165,16.368602752685547,2.442568063735962,3.556525945663452,249947,1.2540936470031738
584355,4.372328281402588,14.068709373474121,2.1596922874450684,-0.41962334513664246,145127,0.45820873975753784
810439,-1.4998122453689575,13.48909854888916,2.967611074447632,4.820601463317871,664757,0.7385956645011902
111312,6.054600715637207,9.644943237304688,7.888927459716797,4.186532497406006,654754,0.6809394359588623
145127,4.563344478607178,13.82540225982666,2.494765520095825,-0.3749508559703827,584355,0.45820873975753784
700634,-0.5846503973007202,3.268685817718506,0.8005611300468445,4.151144027709961,125222,0.17143765091896057
188751,2.120065450668335,21.3096923828125,8.551596641540527,2.210109233856201,930449,1.3988243341445923
107321,-0.015757201239466667,21.585416793823242,7.348405838012695,3.2813069820404053,130114,1.1656955480575562
309636,5.387741565704346,8.203787803649902,0.5134828090667725,-0.804169237613678,139637,0.44044095277786255
172130,7.113988399505615,4.371108055114746,4.246699810028076,2.428666353225708,275645,1.6107250452041626
587664,2.6336185932159424,1.1673109531402588,2.815739631652832,6.131679058074951,159239,0.7315742373466492
109123,0.6529031991958618,5.467950820922852,3.6852920055389404,6.26059103012085,894673,0.5620676875114441
209228,5.828835487365723,10.629806518554688,0.08239241689443588,-1.0630451440811157,217126,0.30623242259025574
987074,0.5495531558990479,16.442947387695312,7.544922351837158,5.045234203338623,871762,0.30736255645751953
615441,0.0669146478176117,17.7236328125,7.0073957443237305,4.742573261260986,667056,0.4878632128238678
894673,0.29705187678337097,5.510837554931641,3.4181084632873535,5.919909954071045,479762,0.43711116909980774
137936,6.993525981903076,11.90749454498291,7.271610260009766,1.2966976165771484,129634,1.6120306253433228
175136,5.182479381561279,2.9911890029907227,-0.2054721564054489,-0.29297229647636414,877269,0.4429135024547577
891667,-0.781485915184021,2.9528849124908447,0.5241562724113464,4.124973297119141,125222,0.3471033573150635
888678,3.855196714401245,15.80593204498291,4.5359039306640625,0.3656187355518341,141826,0.4844551086425781
137532,0.828351616859436,17.586872100830078,4.230125427246094,1.3726816177368164,159946,0.46391263604164124
188145,-1.604215383529663,12.869878768920898,1.8422430753707886,4.565469264984131,308129,0.43956995010375977
144125,6.639252185821533,7.177690505981445,3.747831106185913,0.5550143718719482,138231,0.7628414630889893
180533,1.3177882432937622,19.28917121887207,6.342113018035889,1.878067970275879,880157,0.9273341298103333
620434,-1.3273522853851318,4.7811102867126465,0.04170902818441391,3.6891140937805176,552544,0.7875592708587646
371843,5.948630332946777,4.429907321929932,1.9438700675964355,0.4811752140522003,120414,0.7065136432647705
878776,2.022282838821411,19.10344696044922,7.369167804718018,2.0999011993408203,118124,0.5868976712226868
733548,6.818111896514893,3.199083089828491,6.270827293395996,6.749869346618652,200210,1.7006624937057495
144731,3.825599431991577,17.78172492980957,6.979219436645508,0.9358532428741455,825654,0.8702859282493591
168240,-1.0735362768173218,12.991889953613281,2.963117837905884,4.341163635253906,433839,0.5645924210548401
203721,3.307312250137329,-0.013725068420171738,2.4951331615448,6.134695529937744,882161,0.5893294811248779
692964,6.042860507965088,11.742644309997559,0.873569130897522,-1.197099208831787,111211,1.089413046836853
213522,3.6123111248016357,13.846344947814941,8.188103675842285,3.718863010406494,164030,0.7742420434951782
626648,-1.277228593826294,3.4037210941314697,-0.6690738797187805,3.192814588546753,106016,0.8857417106628418
880157,0.6702181100845337,19.110776901245117,5.704314708709717,1.9226810932159424,180533,0.9273341298103333
153934,-0.475095272064209,8.408550262451172,3.1217291355133057,5.3560028076171875,856463,0.9595937132835388
200311,6.239322662353516,0.4147052466869354,0.3253485858440399,0.7195380330085754,286650,0.7560548186302185
212419,0.9101312160491943,13.349223136901855,-0.7565781474113464,0.059182897210121155,100307,0.917762279510498
123117,5.3894267082214355,11.705077171325684,8.320488929748535,3.835418701171875,173435,0.8007835149765015
702133,0.7996195554733276,17.730392456054688,7.402297019958496,3.919127941131592,303624,0.5714477300643921
187345,1.5418856143951416,17.920419692993164,8.148000717163086,4.038201808929443,119126,0.5117684602737427
101309,6.01983118057251,3.261111259460449,0.5115295052528381,-0.2956617772579193,922854,0.982361376285553
555651,-1.492770791053772,11.849587440490723,1.227387547492981,3.5585105419158936,952863,0.813571035861969
168139,6.50269079208374,10.37849235534668,7.844763278961182,3.0899393558502197,942658,0.49861010909080505
346137,4.190332889556885,5.90071439743042,6.007279872894287,6.214710235595703,162329,0.8936230540275574
164939,1.796647310256958,16.0594539642334,8.414437294006348,4.85644006729126,887373,0.571570098400116
308129,-1.5249277353286743,13.047335624694824,2.1872520446777344,4.756291389465332,188145,0.43956995010375977
704238,6.605254650115967,8.993849754333496,5.424468040466309,0.8383469581604004,598568,0.7390027046203613
919966,0.505218505859375,17.324565887451172,7.527976989746094,5.292344093322754,186444,0.7834702730178833
194645,1.40712308883667,3.778012752532959,2.952974557876587,5.5759196281433105,127933,1.0486241579055786
480141,5.366593837738037,2.115919589996338,1.0730162858963013,0.4715047776699066,107725,0.448069304227829
912447,2.0486111640930176,13.373263359069824,-1.197205662727356,-0.6261758208274841,100307,0.9579454064369202
156435,5.396615505218506,12.71639633178711,8.094843864440918,2.6503734588623047,214221,0.484959214925766
200513,3.8797526359558105,16.755197525024414,5.821863651275635,0.4386337101459503,627852,0.9070008397102356
121719,5.9253411293029785,9.349472045898438,2.7317516803741455,-0.3739083707332611,767464,0.38773345947265625
154330,0.07112914323806763,0.5718761682510376,-0.3086766302585602,3.3411800861358643,199958,0.5145307779312134
110007,0.19596752524375916,19.588041305541992,4.869036674499512,1.9564917087554932,880157,1.0730924606323242
856463,-0.8380324244499207,8.905366897583008,2.3871419429779053,5.304509162902832,102513,0.32475537061691284
119126,1.5968221426010132,18.309764862060547,8.471423149108887,3.98626708984375,953764,0.22558476030826569
361234,5.061567306518555,7.737216949462891,-0.4989373981952667,-1.2082228660583496,137633,0.9770158529281616
943862,7.426565647125244,6.58141565322876,6.727583408355713,4.2354326248168945,300618,1.2356101274490356
151829,-1.4095637798309326,13.564793586730957,1.8230563402175903,3.524722099304199,118831,1.1132934093475342
962058,2.9038145542144775,12.666142463684082,-0.34142985939979553,-0.7002474069595337,173839,0.2905319035053253
558960,0.6019961833953857,17.781166076660156,7.494275093078613,4.456475257873535,303624,0.46506306529045105
406432,6.500605583190918,7.742901802062988,3.487504720687866,0.08365274965763092,910241,0.6519240736961365
131924,2.229445695877075,18.8107852935791,6.138683319091797,1.0324060916900635,257542,0.8713399171829224
144226,4.913679599761963,14.921378135681152,4.8632917404174805,0.02490033395588398,248339,0.6860626339912415
270332,6.146792411804199,8.04961109161377,2.5082623958587646,-0.3222592771053314,385046,0.4907684624195099
189450,2.744598627090454,11.840012550354004,8.351337432861328,6.08552885055542,114318,0.6727001667022705
268850,0.9304407835006714,20.302026748657227,7.570500373840332,2.7649245262145996,164636,0.5603485107421875
176441,-1.278169870376587,6.312401294708252,0.7745028138160706,4.393462181091309,106319,0.15119394659996033
199958,0.13642039895057678,0.2687658965587616,-0.14455299079418182,3.7175662517547607,154330,0.5145307779312134
189349,5.9098029136657715,2.0575716495513916,4.609583854675293,6.359254360198975,180937,1.254300832748413
679770,-0.491671085357666,15.253119468688965,5.5945820808410645,5.000173568725586,172635,0.619182288646698
571548,-0.7512315511703491,16.108816146850586,3.162681818008423,2.755347967147827,249947,0.9433082342147827
366446,5.390774250030518,2.439237117767334,0.5886511206626892,0.0670015960931778,686969,0.3951627016067505
933253,4.967401027679443,10.817984580993652,7.877740859985352,4.089108943939209,118932,0.7054212689399719
122418,0.9529113173484802,18.453245162963867,4.887960433959961,1.4904758930206299,751550,0.9537748694419861
103515,4.376748561859131,15.768891334533691,7.645421981811523,1.7812578678131104,227432,0.3181088864803314
723141,-1.7645680904388428,7.603615760803223,0.18409951031208038,3.992584228515625,149741,0.449907124042511
598568,6.5306925773620605,8.535791397094727,5.244470119476318,1.3845601081848145,128632,0.22905796766281128
352132,5.771775245666504,6.721074104309082,7.358294486999512,5.9491777420043945,124422,0.8464746475219727
150019,-0.9276454448699951,16.901399612426758,5.6402997970581055,5.038990497589111,896879,0.6606015563011169
123420,0.44709283113479614,-0.7181236743927002,-0.32975783944129944,3.853895425796509,325129,0.5529999732971191
349244,-0.23549489676952362,5.155111789703369,2.913012981414795,6.060030937194824,894673,0.8275882005691528
163331,3.1296801567077637,12.275572776794434,-0.4269498288631439,-0.5993534922599792,173839,0.24355627596378326
663755,-0.29495638608932495,19.641817092895508,6.702638626098633,3.9744880199432373,168038,0.79417884349823
623844,3.5403940677642822,16.853450775146484,7.859648704528809,2.2232046127319336,204016,0.17224739491939545
395958,5.3483357429504395,12.39909839630127,3.9898998737335205,0.14230574667453766,120515,0.6033334136009216
154734,-0.2524619400501251,15.230307579040527,1.3452672958374023,1.5585112571716309,138534,0.7557454705238342
385046,5.852846145629883,8.0374116897583,2.127704381942749,-0.2249142974615097,270332,0.4907684624195099
200008,6.0888824462890625,0.593519926071167,0.9579647183418274,1.7105331420898438,136126,0.947923481464386
792867,4.54050874710083,10.3770112991333,8.04076862335205,4.574678421020508,211316,0.7472595572471619
618952,5.692025661468506,2.3658957481384277,2.979719638824463,3.294032573699951,705341,1.350124716758728
433839,-0.9796911478042603,13.166364669799805,3.430356979370117,4.093769550323486,168240,0.5645924210548401
188448,3.932222604751587,15.526049613952637,5.119470596313477,0.39914706349372864,421226,0.4713062345981598
166640,4.6985650062561035,10.915350914001465,1.7942020893096924,-0.28277119994163513,210415,0.5358375906944275
541943,-1.1021602153778076,15.245644569396973,3.7198164463043213,3.8321373462677,179245,0.6316711902618408
